{
    "timestamp": "2025-01-29 21:54:15",
    "metrics": {
        "Accuracy": 0.9900332225913622,
        "Precision": 0.9824769824769825,
        "Recall": 0.9978883861236802,
        "F1-Score": 0.9901227177491769
    }
}